id,persona,group,purchasingAuthority,matchKeywords,oneCallCategories,guidance,services,accessModes,proPotential,summary
householder,Householder / member of public,Public / domestic,Varies by organisation,householder | homeowner | garden | driveway | fence | extension | digging,Utility Works | Domestic Works (General public) | Planning Applications,Safe Digging Essentials | Do I Need a Utility Search? | Householder Safe Digging Checklist | Service Connection Risk Guide,OneCall Utility Search | Top-Up Search | Select Surveys Quote Request,Guest guidance | Login for site-specific actions,Medium,Public user needing simple guidance and an optional route into OneCall.
fencing-contractor,Fencing contractor,Contractor / trades,Varies by organisation,fence | fencing | gate | post holes | boundary,Utility Works | Domestic Works (General public) | Planning Applications,Safe Digging Essentials | Do I Need a Utility Search? | Fencing and Gates Guidance | Service Connection Risk Guide,OneCall Utility Search | Top-Up Search | Select Surveys Quote Request,Guest guidance | Login for site-specific actions,Medium,Boundary and post-hole user at high risk from shallow service connections.
groundworks-contractor,Groundworks contractor,Contractor / civils,Varies by organisation,groundworks | excavation | trench | foundations | earthworks,Utility Works | Domestic Works (General public) | Planning Applications,Safe Digging Essentials | Do I Need a Utility Search? | HSG47 Plain-English Summary | PAS128 Summary Guide,OneCall Utility Search | Top-Up Search | PAS128 / GPR Survey Quote | Vacuum Excavation Request,Guest guidance | Login for site-specific actions,Medium,Core contractor persona where OneCall remains central and survey conversion is strong.
civils-contractor,Civils contractor,Contractor / civils,Varies by organisation,civils | linear works | road works | deep excavation,Utility Works | Domestic Works (General public) | Planning Applications,Safe Digging Essentials | Do I Need a Utility Search? | Large Site Guidance | PAS128 Summary Guide,Large Site Search | Comprehensive Premium Search | Select Surveys Quote Request | Vacuum Excavation Request,Guest guidance | Login for site-specific actions,Medium,High-value buyer for premium and large site service routes.
c2-collator,C2 pack collator,Pack / evidence,Varies by organisation,c2 pack | utility pack | tender pack | collating plans,Utility Works | Domestic Works (General public) | Planning Applications,Safe Digging Essentials | Do I Need a Utility Search? | C2 Pack Checklist | Utility Plans Explained | Top-Up Search Explained,OneCall Utility Search | Top-Up Search | Comprehensive Premium Search | 28-day reminder | Resubmit enquiry,Guest guidance | Login for site-specific actions,Medium,"Operational doer with strong need for evidence, reminders and resubmission."
senior-contractor-manager,Senior contractor manager,Management / decision maker,Varies by organisation,senior manager | director | tier 1 | governance | industry risk,Utility Works | Domestic Works (General public) | Planning Applications,Safe Digging Essentials | Executive Safe Digging Briefing | Incident Prevention Guide | Industry News Digest,Pro account | Select Surveys Quote Request | Vacuum Excavation Request | Large Site bundle,Guest guidance | Login for site-specific actions,Medium,Important decision-maker who may not personally submit enquiries.
architect,Architect,Professional / design,Varies by organisation,architect | design | planning drawing | client advice,Utility Works | Domestic Works (General public) | Planning Applications,Safe Digging Essentials | Do I Need a Utility Search? | Planning and Environmental Resource Pack | PAS128 Summary Guide,OneCall Utility Search | Top-Up Search | Comprehensive Premium Search | Select Surveys Quote Request,Guest guidance | Login for site-specific actions,Medium,Specifier who can surface utility risk before a client knows a search is needed.
utility-surveyor,Utility surveyor / PAS128 provider,Survey / professional,Varies by organisation,utility survey | pas128 | gpr | ground penetrating radar | utility detection | mark out,Utility Works | Domestic Works (General public) | Planning Applications,Safe Digging Essentials | Do I Need a Utility Search? | PAS128 Summary Guide | Survey Buyer Guide,Select Surveys Quote Request | PAS128 / GPR Survey Quote | Partner lead routing | OneCall Utility Search,Guest guidance | Login for site-specific actions,Medium,Service-provider persona that informs the data needed in quote forms.
environmental-consultant,Environmental consultant,Environmental / consulting,Varies by organisation,environmental | ecology | open water | constraints | watercourse | drainage,Utility Works | Domestic Works (General public) | Planning Applications,Safe Digging Essentials | Environmental Restrictions Guide | Open Water Proximity Guide | Watercourses and Drainage Guidance,Environmental Constraints Report | Open Water Proximity Risk Report | Comprehensive Premium Search | OneCall Utility Search,Guest guidance | Login for site-specific actions,Medium,Specialist persona for constraints-led recommendations.
